parent_clip_id,Brene_Brown,Eckhart_Tolle,Eric_Thomas,Gary_Vee,Jay_Shetty,Nick_Vujicic,other_speaker_present,music_present,audience_reaction_present,silence_present
Brene_Brown__Brene_Brown__0014,1,0,0,0,0,0,0,0,1,0
Brene_Brown__Brene_Brown__0015,1,0,0,0,0,0,1,0,0,0
Brene_Brown__Brene_Brown__0016,1,0,0,0,0,0,0,0,0,0
Brene_Brown__Brene_Brown__0017,1,0,0,0,0,0,0,0,0,0
Brene_Brown__Brene_Brown__0021,1,0,0,0,0,0,0,0,0,0
Brene_Brown__Brene_Brown__0028,1,0,0,0,0,0,0,0,0,0
Brene_Brown__Brene_Brown__0034,1,0,0,0,0,0,0,0,0,0
Brene_Brown__Brene_Brown__0040,1,0,0,0,0,0,0,0,0,0
Brene_Brown__Brene_Brown__0045,1,0,0,0,0,0,1,0,0,0
Brene_Brown__Brene_Brown__0050,1,0,0,0,0,0,0,0,0,0
Brene_Brown__Brene_Brown__0053,1,0,0,0,0,0,1,0,0,0
Brene_Brown__Brene_Brown__0054,1,0,0,0,0,0,0,0,0,0
Brene_Brown__Brene_Brown__0055,1,0,0,0,0,0,0,0,0,0
Brene_Brown__Brene_Brown__0058,1,0,0,0,0,0,0,0,0,0
Brene_Brown__Brene_Brown__0061,1,0,0,0,0,0,1,0,0,0
Brene_Brown__Brene_Brown__0066,1,0,0,0,0,0,0,0,0,0
Brene_Brown__Brene_Brown__0073,1,0,0,0,0,0,0,0,0,0
Brene_Brown__Brene_Brown__0075,1,0,0,0,0,0,0,0,0,0
Brene_Brown__Brene_Brown__0094,1,0,0,0,0,0,0,0,0,0
Brene_Brown__Brene_Brown__0098,1,0,0,0,0,0,1,0,0,0
Brene_Brown__Brene_Brown__0133,1,0,0,0,0,0,0,0,0,0
Brene_Brown__Brene_Brown__0134,0,0,0,0,0,0,1,0,1,0
Brene_Brown__Brene_Brown__0140,1,0,0,0,0,0,0,0,0,0
Brene_Brown__Brene_Brown__0141,1,0,0,0,0,0,0,0,0,0
Brene_Brown__Brene_Brown__0144,1,0,0,0,0,0,0,0,0,0
Brene_Brown__Brene_Brown__0146,1,0,0,0,0,0,0,0,0,0
Brene_Brown__Brene_Brown__0147,1,0,0,0,0,0,0,0,0,0
Brene_Brown__Brene_Brown__0148,1,0,0,0,0,0,0,0,0,0
Brene_Brown__Brene_Brown__0152,1,0,0,0,0,0,0,0,0,0
Brene_Brown__Brene_Brown__0157,1,0,0,0,0,0,1,0,0,0
Brene_Brown__Brene_Brown__0161,1,0,0,0,0,0,0,0,1,0
Brene_Brown__Brene_Brown__0165,1,0,0,0,0,0,0,0,0,0
Brene_Brown__Brene_Brown__0166,1,0,0,0,0,0,0,0,0,0
Brene_Brown__Brene_Brown__0174,0,0,0,0,0,0,0,0,1,0
Brene_Brown__Brene_Brown__0181,1,0,0,0,0,0,0,0,0,0
Brene_Brown__Brene_Brown__0192,1,0,0,0,0,0,0,0,0,0
Brene_Brown__Brene_Brown__0196,1,0,0,0,0,0,0,0,0,0
Brene_Brown__Brene_Brown__0199,1,0,0,0,0,0,0,0,0,0
Brene_Brown__Brene_Brown__0201,1,0,0,0,0,0,0,0,1,0
Brene_Brown__Brene_Brown__0203,1,0,0,0,0,0,0,0,0,0
Brene_Brown__Brene_Brown__0212,1,0,0,0,0,0,0,0,0,0
Brene_Brown__Brene_Brown__0217,1,0,0,0,0,0,0,0,0,0
Brene_Brown__Brene_Brown__0229,1,0,0,0,0,0,0,0,0,0
Brene_Brown__Brene_Brown__0230,1,0,0,0,0,0,0,0,0,0
Brene_Brown__Brene_Brown__0249,1,0,0,0,0,0,0,0,0,0
Brene_Brown__Brene_Brown__0257,1,0,0,0,0,0,0,0,0,0
Brene_Brown__Brene_Brown__0258,1,0,0,0,0,0,0,0,0,0
Brene_Brown__Brene_Brown__0260,1,0,0,0,0,0,0,0,0,0
Brene_Brown__Brene_Brown__0262,1,0,0,0,0,0,0,0,0,0
Brene_Brown__Brene_Brown__0273,1,0,0,0,0,0,0,0,0,0
Brene_Brown__Brene_Brown__0283,1,0,0,0,0,0,0,0,0,0
Brene_Brown__Brene_Brown__0285,1,0,0,0,0,0,0,0,0,0
Brene_Brown__Brene_Brown__0286,1,0,0,0,0,0,0,0,0,0
Brene_Brown__Brene_Brown__0298,1,0,0,0,0,0,0,0,1,0
Brene_Brown__Brene_Brown__0305,1,0,0,0,0,0,0,0,0,0
Brene_Brown__Brene_Brown__0318,1,0,0,0,0,0,0,0,1,0
Brene_Brown__Brene_Brown__0328,1,0,0,0,0,0,0,0,0,0
Brene_Brown__Brene_Brown__0346,1,0,0,0,0,0,0,0,0,0
Brene_Brown__Brene_Brown__0353,1,0,0,0,0,0,0,0,0,0
Brene_Brown__Brene_Brown__0357,1,0,0,0,0,0,0,0,0,0
Brene_Brown__Brene_Brown__0365,1,0,0,0,0,0,0,0,1,0
Brene_Brown__Brene_Brown__0367,1,0,0,0,0,0,0,0,0,0
Brene_Brown__Brene_Brown__0382,1,0,0,0,0,0,1,0,1,0
Brene_Brown__Brene_Brown__0383,1,0,0,0,0,0,0,0,1,0
Brene_Brown__Brene_Brown__0388,1,0,0,0,0,0,0,0,1,0
Brene_Brown__Brene_Brown__0393,1,0,0,0,0,0,0,0,0,0
Brene_Brown__Brene_Brown__0394,1,0,0,0,0,0,0,0,0,0
Brene_Brown__Brene_Brown__0401,1,0,0,0,0,0,0,1,0,0
Brene_Brown__Brene_Brown__0406,1,0,0,0,0,0,1,1,1,0
Brene_Brown__Brene_Brown__0407,0,0,0,0,0,0,1,1,0,0
Brene_Brown__Brene_Brown__0413,1,0,0,0,0,0,1,0,0,0
Brene_Brown__Brene_Brown__0438,1,0,0,0,0,0,1,0,0,0
Brene_Brown__Brene_Brown__0449,1,0,0,0,0,0,1,0,0,0
Brene_Brown__Brene_Brown__0454,0,0,0,0,0,0,1,0,0,0
Brene_Brown__Brene_Brown__0495,1,0,0,0,0,0,0,0,0,0
Eckhart_Tolle__Eckhart_Tolle__0014,0,1,0,0,0,0,0,0,0,0
Eckhart_Tolle__Eckhart_Tolle__0019,0,1,0,0,0,0,0,0,0,0
Eckhart_Tolle__Eckhart_Tolle__0020,0,1,0,0,0,0,0,0,0,0
Eckhart_Tolle__Eckhart_Tolle__0027,0,1,0,0,0,0,0,0,0,0
Eckhart_Tolle__Eckhart_Tolle__0032,0,1,0,0,0,0,0,0,0,0
Eckhart_Tolle__Eckhart_Tolle__0035,0,1,0,0,0,0,0,0,0,1
Eckhart_Tolle__Eckhart_Tolle__0051,0,1,0,0,0,0,0,0,0,0
Eckhart_Tolle__Eckhart_Tolle__0056,0,1,0,0,0,0,0,0,0,0
Eckhart_Tolle__Eckhart_Tolle__0059,0,1,0,0,0,0,0,0,0,0
Eckhart_Tolle__Eckhart_Tolle__0072,0,1,0,0,0,0,0,0,0,0
Eckhart_Tolle__Eckhart_Tolle__0076,0,1,0,0,0,0,0,0,0,1
Eckhart_Tolle__Eckhart_Tolle__0092,0,1,0,0,0,0,0,0,0,0
Eckhart_Tolle__Eckhart_Tolle__0096,0,1,0,0,0,0,0,0,0,0
Eckhart_Tolle__Eckhart_Tolle__0098,0,1,0,0,0,0,0,0,0,0
Eckhart_Tolle__Eckhart_Tolle__0103,0,1,0,0,0,0,0,0,0,0
Eckhart_Tolle__Eckhart_Tolle__0108,0,1,0,0,0,0,0,0,0,0
Eckhart_Tolle__Eckhart_Tolle__0120,0,1,0,0,0,0,0,0,0,0
Eckhart_Tolle__Eckhart_Tolle__0121,0,1,0,0,0,0,0,0,0,0
Eckhart_Tolle__Eckhart_Tolle__0136,0,1,0,0,0,0,0,0,0,0
Eckhart_Tolle__Eckhart_Tolle__0137,0,1,0,0,0,0,0,0,0,0
Eckhart_Tolle__Eckhart_Tolle__0144,0,1,0,0,0,0,0,0,0,0
Eckhart_Tolle__Eckhart_Tolle__0145,0,1,0,0,0,0,0,0,0,0
Eckhart_Tolle__Eckhart_Tolle__0165,0,1,0,0,0,0,0,0,0,0
Eckhart_Tolle__Eckhart_Tolle__0167,0,1,0,0,0,0,0,0,0,0
Eckhart_Tolle__Eckhart_Tolle__0183,0,1,0,0,0,0,0,0,0,0
Eckhart_Tolle__Eckhart_Tolle__0190,0,1,0,0,0,0,0,0,0,0
Eckhart_Tolle__Eckhart_Tolle__0209,0,1,0,0,0,0,0,0,0,0
Eckhart_Tolle__Eckhart_Tolle__0223,0,1,0,0,0,0,0,0,0,0
Eckhart_Tolle__Eckhart_Tolle__0225,0,1,0,0,0,0,0,0,0,0
Eckhart_Tolle__Eckhart_Tolle__0238,0,1,0,0,0,0,0,0,0,0
Eckhart_Tolle__Eckhart_Tolle__0240,0,1,0,0,0,0,1,0,0,0
Eckhart_Tolle__Eckhart_Tolle__0243,0,1,0,0,0,0,0,0,0,0
Eckhart_Tolle__Eckhart_Tolle__0246,0,1,0,0,0,0,0,0,1,0
Eckhart_Tolle__Eckhart_Tolle__0250,0,1,0,0,0,0,0,0,0,0
Eckhart_Tolle__Eckhart_Tolle__0256,0,1,0,0,0,0,0,0,0,0
Eckhart_Tolle__Eckhart_Tolle__0260,0,1,0,0,0,0,0,0,1,0
Eckhart_Tolle__Eckhart_Tolle__0264,0,1,0,0,0,0,0,0,0,0
Eckhart_Tolle__Eckhart_Tolle__0271,0,1,0,0,0,0,0,0,0,0
Eckhart_Tolle__Eckhart_Tolle__0273,0,1,0,0,0,0,0,0,0,0
Eckhart_Tolle__Eckhart_Tolle__0274,0,1,0,0,0,0,0,0,0,0
Eckhart_Tolle__Eckhart_Tolle__0280,0,1,0,0,0,0,0,0,0,0
Eckhart_Tolle__Eckhart_Tolle__0287,0,1,0,0,0,0,0,0,0,0
Eckhart_Tolle__Eckhart_Tolle__0294,0,1,0,0,0,0,0,0,0,0
Eckhart_Tolle__Eckhart_Tolle__0295,0,1,0,0,0,0,0,0,0,0
Eckhart_Tolle__Eckhart_Tolle__0311,0,1,0,0,0,0,0,0,0,0
Eckhart_Tolle__Eckhart_Tolle__0315,0,1,0,0,0,0,0,0,0,0
Eckhart_Tolle__Eckhart_Tolle__0321,0,1,0,0,0,0,0,0,0,0
Eckhart_Tolle__Eckhart_Tolle__0326,0,1,0,0,0,0,0,0,0,0
Eckhart_Tolle__Eckhart_Tolle__0328,0,1,0,0,0,0,0,0,0,0
Eckhart_Tolle__Eckhart_Tolle__0329,0,1,0,0,0,0,0,0,0,0
Eckhart_Tolle__Eckhart_Tolle__0334,0,1,0,0,0,0,0,0,0,0
Eckhart_Tolle__Eckhart_Tolle__0358,0,1,0,0,0,0,0,0,0,0
Eckhart_Tolle__Eckhart_Tolle__0363,0,1,0,0,0,0,0,0,0,0
Eckhart_Tolle__Eckhart_Tolle__0375,0,1,0,0,0,0,0,0,0,0
Eckhart_Tolle__Eckhart_Tolle__0376,0,1,0,0,0,0,0,0,0,0
Eckhart_Tolle__Eckhart_Tolle__0379,0,1,0,0,0,0,0,0,0,0
Eckhart_Tolle__Eckhart_Tolle__0381,0,1,0,0,0,0,0,0,0,0
Eckhart_Tolle__Eckhart_Tolle__0387,0,1,0,0,0,0,0,0,0,0
Eckhart_Tolle__Eckhart_Tolle__0390,0,1,0,0,0,0,0,0,0,0
Eckhart_Tolle__Eckhart_Tolle__0391,0,1,0,0,0,0,0,0,0,0
Eckhart_Tolle__Eckhart_Tolle__0394,0,1,0,0,0,0,0,0,0,0
Eckhart_Tolle__Eckhart_Tolle__0400,0,1,0,0,0,0,0,0,0,0
Eckhart_Tolle__Eckhart_Tolle__0402,0,1,0,0,0,0,0,0,0,0
Eckhart_Tolle__Eckhart_Tolle__0405,0,1,0,0,0,0,0,0,0,0
Eckhart_Tolle__Eckhart_Tolle__0406,0,1,0,0,0,0,0,0,0,0
Eckhart_Tolle__Eckhart_Tolle__0407,0,1,0,0,0,0,0,0,0,0
Eckhart_Tolle__Eckhart_Tolle__0408,0,1,0,0,0,0,0,0,0,0
Eckhart_Tolle__Eckhart_Tolle__0428,0,1,0,0,0,0,0,0,0,0
Eckhart_Tolle__Eckhart_Tolle__0429,0,1,0,0,0,0,0,0,0,0
Eckhart_Tolle__Eckhart_Tolle__0458,0,1,0,0,0,0,0,0,0,0
Eckhart_Tolle__Eckhart_Tolle__0467,0,1,0,0,0,0,0,0,0,0
Eckhart_Tolle__Eckhart_Tolle__0468,0,1,0,0,0,0,0,0,0,0
Eckhart_Tolle__Eckhart_Tolle__0479,0,1,0,0,0,0,0,0,0,0
Eckhart_Tolle__Eckhart_Tolle__0480,0,1,0,0,0,0,0,0,0,0
Eckhart_Tolle__Eckhart_Tolle__0485,0,1,0,0,0,0,0,0,0,0
Eckhart_Tolle__Eckhart_Tolle__0492,0,1,0,0,0,0,0,0,0,0
Eckhart_Tolle__Eckhart_Tolle__0498,0,1,0,0,0,0,0,0,0,0
Eckhart_Tolle__Eckhart_Tolle__0510,0,1,0,0,0,0,0,0,0,0
Eckhart_Tolle__Eckhart_Tolle__0513,0,1,0,0,0,0,0,0,0,0
Eckhart_Tolle__Eckhart_Tolle__0516,0,1,0,0,0,0,0,0,0,0
Eckhart_Tolle__Eckhart_Tolle__0522,0,1,0,0,0,0,0,0,0,0
Eckhart_Tolle__Eckhart_Tolle__0525,0,1,0,0,0,0,0,0,0,0
Eckhart_Tolle__Eckhart_Tolle__0533,0,1,0,0,0,0,0,0,0,0
Eckhart_Tolle__Eckhart_Tolle__0542,0,1,0,0,0,0,0,0,0,0
Eric_Thomas__Eric_Thomas__0006,0,0,1,0,0,0,1,1,0,0
Eric_Thomas__Eric_Thomas__0013,0,0,0,0,0,0,1,0,0,0
Eric_Thomas__Eric_Thomas__0019,0,0,1,0,0,0,0,1,0,0
Eric_Thomas__Eric_Thomas__0029,0,0,1,0,0,0,1,1,0,0
Eric_Thomas__Eric_Thomas__0038,0,0,1,0,0,0,0,1,0,0
Eric_Thomas__Eric_Thomas__0039,0,0,1,0,0,0,0,1,0,0
Eric_Thomas__Eric_Thomas__0052,0,0,1,0,0,0,0,1,0,0
Eric_Thomas__Eric_Thomas__0053,0,0,1,0,0,0,0,1,0,0
Eric_Thomas__Eric_Thomas__0060,0,0,1,0,0,0,0,1,0,0
Eric_Thomas__Eric_Thomas__0065,0,0,1,0,0,0,0,1,0,0
Eric_Thomas__Eric_Thomas__0075,0,0,0,0,0,0,0,1,0,0
Eric_Thomas__Eric_Thomas__0098,0,0,1,0,0,0,0,1,0,0
Eric_Thomas__Eric_Thomas__0114,0,0,1,0,0,0,0,1,0,0
Eric_Thomas__Eric_Thomas__0115,0,0,1,0,0,1,0,1,0,0
Eric_Thomas__Eric_Thomas__0121,0,0,1,0,0,0,0,1,0,0
Eric_Thomas__Eric_Thomas__0127,0,0,1,0,0,0,0,1,0,0
Eric_Thomas__Eric_Thomas__0141,0,0,1,0,0,0,0,1,0,0
Eric_Thomas__Eric_Thomas__0158,0,0,1,0,0,0,0,1,0,0
Eric_Thomas__Eric_Thomas__0175,0,0,1,0,0,0,0,1,0,0
Eric_Thomas__Eric_Thomas__0185,0,0,1,0,0,0,0,1,0,0
Eric_Thomas__Eric_Thomas__0189,0,0,1,0,0,0,0,1,0,0
Eric_Thomas__Eric_Thomas__0197,0,0,1,0,0,0,0,1,0,0
Eric_Thomas__Eric_Thomas__0198,0,0,1,0,0,0,0,1,0,0
Eric_Thomas__Eric_Thomas__0212,0,0,1,0,0,0,0,1,0,0
Eric_Thomas__Eric_Thomas__0218,0,0,1,0,0,0,0,1,0,0
Eric_Thomas__Eric_Thomas__0221,0,0,1,0,0,0,0,1,0,0
Eric_Thomas__Eric_Thomas__0228,0,0,1,0,0,0,0,1,0,0
Eric_Thomas__Eric_Thomas__0231,0,0,1,0,0,0,0,1,0,0
Eric_Thomas__Eric_Thomas__0238,0,0,1,0,0,0,0,1,0,0
Eric_Thomas__Eric_Thomas__0241,0,0,1,0,0,0,0,1,0,0
Eric_Thomas__Eric_Thomas__0247,0,0,0,0,0,0,0,1,1,0
Eric_Thomas__Eric_Thomas__0248,0,0,1,0,0,0,0,1,1,0
Eric_Thomas__Eric_Thomas__0249,0,0,1,0,0,0,0,1,0,0
Eric_Thomas__Eric_Thomas__0250,0,0,1,0,0,0,0,1,0,0
Eric_Thomas__Eric_Thomas__0254,0,0,1,0,0,0,0,1,0,0
Eric_Thomas__Eric_Thomas__0255,0,0,1,0,0,0,0,1,0,0
Eric_Thomas__Eric_Thomas__0256,0,0,1,0,0,0,0,1,0,0
Eric_Thomas__Eric_Thomas__0257,0,0,0,0,0,0,0,1,0,0
Eric_Thomas__Eric_Thomas__0262,0,0,1,0,0,0,0,1,0,0
Eric_Thomas__Eric_Thomas__0264,0,0,1,0,0,0,0,1,0,0
Eric_Thomas__Eric_Thomas__0271,0,0,1,0,0,0,0,1,0,0
Eric_Thomas__Eric_Thomas__0274,0,0,1,0,0,0,0,1,0,0
Eric_Thomas__Eric_Thomas__0286,0,0,1,0,0,0,0,1,0,0
Eric_Thomas__Eric_Thomas__0292,0,0,1,0,0,0,0,1,0,0
Eric_Thomas__Eric_Thomas__0312,0,0,1,0,0,0,0,1,0,0
Eric_Thomas__Eric_Thomas__0313,0,0,1,0,0,0,0,1,0,0
Eric_Thomas__Eric_Thomas__0316,0,0,1,0,0,0,0,1,0,0
Eric_Thomas__Eric_Thomas__0332,0,0,1,0,0,0,0,1,0,0
Eric_Thomas__Eric_Thomas__0333,0,0,1,0,0,0,0,1,0,0
Eric_Thomas__Eric_Thomas__0356,0,0,1,0,0,0,0,1,0,0
Eric_Thomas__Eric_Thomas__0357,0,0,1,0,0,0,0,1,0,0
Eric_Thomas__Eric_Thomas__0369,0,0,1,0,0,0,0,1,0,0
Eric_Thomas__Eric_Thomas__0372,0,0,1,0,0,0,0,1,0,0
Eric_Thomas__Eric_Thomas__0378,0,0,1,0,0,0,0,1,0,0
Eric_Thomas__Eric_Thomas__0380,0,0,1,0,0,0,0,1,0,0
Eric_Thomas__Eric_Thomas__0407,0,0,1,0,0,0,0,1,0,0
Eric_Thomas__Eric_Thomas__0409,0,0,1,0,0,0,0,1,0,0
Eric_Thomas__Eric_Thomas__0412,0,0,1,0,0,0,0,1,0,0
Eric_Thomas__Eric_Thomas__0413,0,0,1,0,0,0,0,1,0,0
Eric_Thomas__Eric_Thomas__0414,0,0,1,0,0,0,0,1,0,0
Eric_Thomas__Eric_Thomas__0416,0,0,1,0,0,0,0,1,0,0
Eric_Thomas__Eric_Thomas__0422,0,0,1,0,0,0,0,1,0,0
Eric_Thomas__Eric_Thomas__0436,0,0,1,0,0,0,0,1,0,0
Eric_Thomas__Eric_Thomas__0437,0,0,1,0,0,0,0,1,0,0
Eric_Thomas__Eric_Thomas__0447,0,0,1,0,0,0,0,1,0,0
Eric_Thomas__Eric_Thomas__0451,0,0,1,0,0,0,0,1,0,0
Eric_Thomas__Eric_Thomas__0452,0,0,1,0,0,0,0,1,0,0
Eric_Thomas__Eric_Thomas__0455,0,0,1,0,0,0,0,1,0,0
Eric_Thomas__Eric_Thomas__0456,0,0,1,0,0,0,0,1,0,0
Eric_Thomas__Eric_Thomas__0465,0,0,1,0,0,0,0,1,0,0
Eric_Thomas__Eric_Thomas__0475,0,0,1,0,0,0,0,1,0,0
Eric_Thomas__Eric_Thomas__0476,0,0,0,0,0,0,0,1,0,0
Gary_Vee__Gary_Vee__0008,0,0,0,1,0,0,1,1,0,0
Gary_Vee__Gary_Vee__0012,0,0,0,1,0,0,1,1,0,0
Gary_Vee__Gary_Vee__0034,0,0,0,1,0,0,0,1,0,0
Gary_Vee__Gary_Vee__0042,0,0,0,1,0,0,0,1,0,0
Gary_Vee__Gary_Vee__0051,0,0,0,1,0,0,1,1,0,0
Gary_Vee__Gary_Vee__0070,0,0,0,1,0,0,0,1,0,0
Gary_Vee__Gary_Vee__0074,0,0,0,1,0,0,0,1,0,0
Gary_Vee__Gary_Vee__0077,0,0,0,1,0,0,0,1,0,0
Gary_Vee__Gary_Vee__0078,0,0,0,1,0,0,0,1,0,0
Gary_Vee__Gary_Vee__0080,0,0,0,1,0,0,0,1,0,0
Gary_Vee__Gary_Vee__0082,0,0,0,1,0,0,0,1,0,0
Gary_Vee__Gary_Vee__0083,0,0,0,1,0,0,0,1,0,0
Gary_Vee__Gary_Vee__0085,0,0,0,1,0,0,0,1,0,0
Gary_Vee__Gary_Vee__0086,0,0,0,1,0,0,0,1,0,0
Gary_Vee__Gary_Vee__0087,0,0,0,1,0,0,1,1,0,0
Gary_Vee__Gary_Vee__0088,0,0,0,1,0,0,0,1,0,0
Gary_Vee__Gary_Vee__0090,0,0,0,1,0,0,0,1,0,0
Gary_Vee__Gary_Vee__0092,0,0,0,1,0,0,0,1,0,0
Gary_Vee__Gary_Vee__0101,0,0,0,1,0,0,0,1,0,0
Gary_Vee__Gary_Vee__0103,0,0,0,1,0,0,0,1,0,0
Gary_Vee__Gary_Vee__0106,0,0,0,1,0,0,0,1,0,0
Gary_Vee__Gary_Vee__0127,0,0,0,1,0,0,0,1,0,0
Gary_Vee__Gary_Vee__0134,0,0,0,1,0,0,0,1,0,0
Gary_Vee__Gary_Vee__0150,0,0,0,1,0,0,0,1,0,0
Gary_Vee__Gary_Vee__0151,0,0,0,1,0,0,0,1,0,0
Gary_Vee__Gary_Vee__0155,0,0,0,1,0,0,0,1,0,0
Gary_Vee__Gary_Vee__0162,0,0,0,1,0,0,0,1,0,0
Gary_Vee__Gary_Vee__0165,0,0,0,1,0,0,0,1,0,0
Gary_Vee__Gary_Vee__0175,0,0,0,1,0,0,0,1,0,0
Gary_Vee__Gary_Vee__0177,0,0,0,1,0,0,1,1,0,0
Gary_Vee__Gary_Vee__0178,0,0,0,1,0,0,0,1,0,0
Gary_Vee__Gary_Vee__0193,0,0,0,1,0,0,0,1,0,0
Gary_Vee__Gary_Vee__0214,0,0,0,1,0,0,0,1,0,0
Gary_Vee__Gary_Vee__0220,0,0,0,1,0,0,0,1,0,0
Gary_Vee__Gary_Vee__0223,0,0,0,1,0,0,0,1,0,0
Gary_Vee__Gary_Vee__0230,0,0,0,1,0,0,1,1,0,0
Gary_Vee__Gary_Vee__0240,0,0,0,1,0,0,0,1,0,0
Gary_Vee__Gary_Vee__0280,0,0,0,1,0,0,1,1,0,0
Gary_Vee__Gary_Vee__0286,0,0,0,1,0,0,0,1,0,0
Gary_Vee__Gary_Vee__0288,0,0,0,1,0,0,0,1,0,0
Gary_Vee__Gary_Vee__0290,0,0,0,1,0,0,0,1,0,0
Gary_Vee__Gary_Vee__0293,0,0,0,1,0,0,0,1,0,0
Gary_Vee__Gary_Vee__0301,0,0,0,1,0,0,0,1,0,0
Gary_Vee__Gary_Vee__0302,0,0,0,1,0,0,1,1,0,0
Gary_Vee__Gary_Vee__0312,0,0,0,1,0,0,0,1,0,0
Gary_Vee__Gary_Vee__0313,0,0,0,1,0,0,1,1,0,0
Gary_Vee__Gary_Vee__0314,0,0,0,1,0,0,0,1,0,0
Gary_Vee__Gary_Vee__0315,0,0,0,1,0,0,1,1,0,0
Gary_Vee__Gary_Vee__0320,0,0,0,1,0,0,0,1,0,0
Gary_Vee__Gary_Vee__0331,0,0,0,1,0,0,0,1,0,0
Gary_Vee__Gary_Vee__0338,0,0,0,1,0,0,1,1,0,0
Gary_Vee__Gary_Vee__0343,0,0,0,1,0,0,0,1,0,0
Gary_Vee__Gary_Vee__0344,0,0,0,1,0,0,0,1,0,0
Gary_Vee__Gary_Vee__0360,0,0,0,1,0,0,0,1,0,0
Gary_Vee__Gary_Vee__0365,0,0,0,1,0,0,0,1,0,0
Gary_Vee__Gary_Vee__0371,0,0,0,1,0,0,0,1,0,0
Gary_Vee__Gary_Vee__0379,0,0,0,1,0,0,0,0,1,0
Gary_Vee__Gary_Vee__0385,0,0,0,1,0,0,1,0,0,0
Gary_Vee__Gary_Vee__0386,0,0,0,1,0,0,0,1,0,0
Gary_Vee__Gary_Vee__0391,0,0,0,1,0,0,0,1,0,0
Gary_Vee__Gary_Vee__0393,0,0,0,1,0,0,0,1,0,0
Gary_Vee__Gary_Vee__0396,0,0,0,1,0,0,0,1,0,0
Gary_Vee__Gary_Vee__0398,0,0,0,1,0,0,0,1,0,0
Gary_Vee__Gary_Vee__0399,0,0,0,1,0,0,0,1,0,0
Gary_Vee__Gary_Vee__0400,0,0,0,1,0,0,0,1,0,0
Gary_Vee__Gary_Vee__0423,0,0,0,1,0,0,0,1,0,0
Gary_Vee__Gary_Vee__0425,0,0,0,1,0,0,1,1,0,0
Gary_Vee__Gary_Vee__0429,0,0,0,1,0,0,0,1,0,0
Jay_Shetty__Jay_Shetty__0003,0,0,0,0,1,0,0,0,0,0
Jay_Shetty__Jay_Shetty__0011,0,0,0,0,1,0,0,0,0,0
Jay_Shetty__Jay_Shetty__0017,0,0,0,0,1,0,0,0,0,0
Jay_Shetty__Jay_Shetty__0050,0,0,0,0,1,0,0,1,0,0
Jay_Shetty__Jay_Shetty__0067,0,0,0,0,1,0,0,0,0,0
Jay_Shetty__Jay_Shetty__0076,0,0,0,0,1,0,0,1,0,0
Jay_Shetty__Jay_Shetty__0085,0,0,0,0,1,0,0,1,0,0
Jay_Shetty__Jay_Shetty__0100,0,0,0,0,1,0,0,1,0,0
Jay_Shetty__Jay_Shetty__0106,0,0,0,0,1,0,0,1,0,0
Jay_Shetty__Jay_Shetty__0108,0,0,0,0,1,0,0,1,0,0
Jay_Shetty__Jay_Shetty__0112,0,0,0,0,1,0,0,1,0,0
Jay_Shetty__Jay_Shetty__0126,0,0,0,0,1,0,0,1,0,0
Jay_Shetty__Jay_Shetty__0127,0,0,0,0,1,0,0,1,0,0
Jay_Shetty__Jay_Shetty__0138,0,0,0,0,1,0,0,1,0,0
Jay_Shetty__Jay_Shetty__0139,0,0,0,0,1,0,0,1,0,0
Jay_Shetty__Jay_Shetty__0146,0,0,0,0,1,0,0,1,0,0
Jay_Shetty__Jay_Shetty__0147,0,0,0,0,1,0,0,1,0,0
Jay_Shetty__Jay_Shetty__0152,0,0,0,0,1,0,0,1,0,0
Jay_Shetty__Jay_Shetty__0163,0,0,0,0,1,0,0,1,0,0
Jay_Shetty__Jay_Shetty__0167,0,0,0,0,1,0,0,1,0,0
Jay_Shetty__Jay_Shetty__0177,0,0,0,0,1,0,0,1,0,0
Jay_Shetty__Jay_Shetty__0179,0,0,0,0,1,0,0,1,0,0
Jay_Shetty__Jay_Shetty__0186,0,0,0,0,1,0,0,1,0,0
Jay_Shetty__Jay_Shetty__0188,0,0,0,0,1,0,0,1,0,0
Jay_Shetty__Jay_Shetty__0190,0,0,0,0,1,0,0,1,0,0
Jay_Shetty__Jay_Shetty__0204,0,0,0,0,1,0,0,1,0,0
Jay_Shetty__Jay_Shetty__0206,0,0,0,0,1,0,0,1,0,0
Jay_Shetty__Jay_Shetty__0208,0,0,0,0,1,0,0,1,0,0
Jay_Shetty__Jay_Shetty__0210,0,0,0,0,1,0,0,1,0,0
Jay_Shetty__Jay_Shetty__0211,0,0,0,0,1,0,0,1,0,0
Jay_Shetty__Jay_Shetty__0224,0,0,0,0,1,0,0,1,0,0
Jay_Shetty__Jay_Shetty__0225,0,0,0,0,1,0,0,1,0,0
Jay_Shetty__Jay_Shetty__0230,0,0,0,0,1,0,0,1,0,0
Jay_Shetty__Jay_Shetty__0242,0,0,0,0,1,0,0,1,0,0
Jay_Shetty__Jay_Shetty__0248,0,0,0,0,1,0,0,1,0,0
Jay_Shetty__Jay_Shetty__0250,0,0,0,0,1,0,0,1,0,0
Jay_Shetty__Jay_Shetty__0255,0,0,0,0,1,0,0,1,0,0
Jay_Shetty__Jay_Shetty__0268,0,0,0,0,1,0,0,1,0,0
Jay_Shetty__Jay_Shetty__0272,0,0,0,0,1,0,0,1,0,0
Jay_Shetty__Jay_Shetty__0273,0,0,0,0,1,0,0,1,0,0
Jay_Shetty__Jay_Shetty__0288,0,0,0,0,1,0,0,1,0,0
Jay_Shetty__Jay_Shetty__0302,0,0,0,0,1,0,0,1,0,0
Jay_Shetty__Jay_Shetty__0315,0,0,0,0,1,0,0,1,0,0
Jay_Shetty__Jay_Shetty__0326,0,0,0,0,1,0,0,1,0,0
Jay_Shetty__Jay_Shetty__0327,0,0,0,0,1,0,0,1,0,0
Jay_Shetty__Jay_Shetty__0332,0,0,0,0,1,0,0,1,0,0
Jay_Shetty__Jay_Shetty__0334,0,0,0,0,1,0,0,1,0,0
Jay_Shetty__Jay_Shetty__0337,0,0,0,0,1,0,0,1,0,0
Jay_Shetty__Jay_Shetty__0341,0,0,0,0,1,0,0,1,0,0
Jay_Shetty__Jay_Shetty__0351,0,0,0,0,1,0,0,1,0,0
Jay_Shetty__Jay_Shetty__0353,0,0,0,0,1,0,0,1,0,0
Jay_Shetty__Jay_Shetty__0359,0,0,0,0,1,0,0,1,0,0
Jay_Shetty__Jay_Shetty__0366,0,0,0,0,1,0,0,1,0,0
Jay_Shetty__Jay_Shetty__0370,0,0,0,0,1,0,0,1,0,0
Jay_Shetty__Jay_Shetty__0375,0,0,0,0,1,0,0,1,0,0
Jay_Shetty__Jay_Shetty__0378,0,0,0,0,1,0,0,1,0,0
Jay_Shetty__Jay_Shetty__0383,0,0,0,0,1,0,0,1,0,0
Jay_Shetty__Jay_Shetty__0388,0,0,0,0,1,0,0,1,0,0
Jay_Shetty__Jay_Shetty__0402,0,0,0,0,1,0,0,1,0,0
Jay_Shetty__Jay_Shetty__0446,0,0,0,0,1,0,0,1,0,0
Jay_Shetty__Jay_Shetty__0448,0,0,0,0,1,0,0,1,0,0
Jay_Shetty__Jay_Shetty__0450,0,0,0,0,1,0,0,1,0,0
Jay_Shetty__Jay_Shetty__0456,0,0,0,0,1,0,0,1,0,0
Jay_Shetty__Jay_Shetty__0458,0,0,0,0,1,0,0,1,0,0
Jay_Shetty__Jay_Shetty__0459,0,0,0,0,1,0,0,0,1,0
Jay_Shetty__Jay_Shetty__0470,0,0,0,0,1,0,0,1,0,0
Jay_Shetty__Jay_Shetty__0475,0,0,0,0,1,0,0,1,0,0
Jay_Shetty__Jay_Shetty__0481,0,0,0,0,1,0,0,1,0,0
Jay_Shetty__Jay_Shetty__0488,0,0,0,0,1,0,0,1,0,0
Jay_Shetty__Jay_Shetty__0492,0,0,0,0,1,0,0,1,0,0
Jay_Shetty__Jay_Shetty__0495,0,0,0,0,1,0,0,0,0,0
Jay_Shetty__Jay_Shetty__0496,0,0,0,0,1,0,0,1,0,0
Jay_Shetty__Jay_Shetty__0499,0,0,0,0,1,0,0,1,1,0
Jay_Shetty__Jay_Shetty__0502,0,0,0,0,1,0,0,1,0,0
Jay_Shetty__Jay_Shetty__0512,0,0,0,0,1,0,0,1,0,0
Jay_Shetty__Jay_Shetty__0514,0,0,0,0,1,0,0,1,0,0
Jay_Shetty__Jay_Shetty__0521,0,0,0,0,1,0,0,1,0,0
Jay_Shetty__Jay_Shetty__0524,0,0,0,0,1,0,0,1,0,0
Jay_Shetty__Jay_Shetty__0528,0,0,0,0,1,0,0,1,0,0
Jay_Shetty__Jay_Shetty__0531,0,0,0,0,1,0,0,0,0,0
Jay_Shetty__Jay_Shetty__0532,0,0,0,0,1,0,0,1,0,0
Jay_Shetty__Jay_Shetty__0533,0,0,0,0,1,0,0,0,0,0
Jay_Shetty__Jay_Shetty__0539,0,0,0,0,1,0,0,1,0,0
Jay_Shetty__Jay_Shetty__0543,0,0,0,0,1,0,0,1,0,0
Jay_Shetty__Jay_Shetty__0553,0,0,0,0,1,0,0,1,0,0
Jay_Shetty__Jay_Shetty__0558,0,0,0,0,1,0,0,1,0,0
Jay_Shetty__Jay_Shetty__0570,0,0,0,0,1,0,0,1,0,0
Jay_Shetty__Jay_Shetty__0573,0,0,0,0,1,0,0,1,0,0
Jay_Shetty__Jay_Shetty__0574,0,0,0,0,1,0,0,1,0,0
Jay_Shetty__Jay_Shetty__0580,0,0,0,0,1,0,0,1,0,0
Jay_Shetty__Jay_Shetty__0598,0,0,0,0,1,0,0,1,0,0
Jay_Shetty__Jay_Shetty__0602,0,0,0,0,1,0,0,1,0,0
Jay_Shetty__Jay_Shetty__0620,0,0,0,0,1,0,0,1,0,0
Les_Brown__Les_Brown__0001,0,0,0,0,0,0,1,0,0,0
Les_Brown__Les_Brown__0005,0,0,0,0,0,0,1,0,0,0
Les_Brown__Les_Brown__0015,0,0,0,0,0,0,1,0,0,0
Les_Brown__Les_Brown__0018,0,0,0,0,0,0,1,0,0,0
Les_Brown__Les_Brown__0020,0,0,0,0,0,0,1,0,0,0
Les_Brown__Les_Brown__0022,0,0,0,0,0,0,1,0,0,0
Les_Brown__Les_Brown__0066,0,0,0,0,0,0,1,0,0,0
Les_Brown__Les_Brown__0074,0,0,0,0,0,0,1,0,0,0
Les_Brown__Les_Brown__0080,0,0,0,0,0,0,1,0,0,0
Les_Brown__Les_Brown__0085,0,0,0,0,0,0,1,0,0,0
Les_Brown__Les_Brown__0092,0,0,0,0,0,0,1,0,0,0
Les_Brown__Les_Brown__0097,0,0,0,0,0,0,1,0,0,0
Les_Brown__Les_Brown__0098,0,0,0,0,0,0,1,0,0,0
Les_Brown__Les_Brown__0101,0,0,0,0,0,0,1,0,0,0
Les_Brown__Les_Brown__0103,0,0,0,0,0,0,1,0,0,0
Les_Brown__Les_Brown__0105,0,0,0,0,0,0,1,0,0,0
Les_Brown__Les_Brown__0126,0,0,0,0,0,0,1,0,0,0
Les_Brown__Les_Brown__0127,0,0,0,0,0,0,1,0,0,0
Les_Brown__Les_Brown__0128,0,0,0,0,0,0,1,0,0,0
Les_Brown__Les_Brown__0132,0,0,0,0,0,0,1,0,0,0
Les_Brown__Les_Brown__0134,0,0,0,0,0,0,1,0,0,0
Les_Brown__Les_Brown__0145,0,0,0,0,0,0,1,0,0,0
Les_Brown__Les_Brown__0160,0,0,0,0,0,0,1,0,0,0
Les_Brown__Les_Brown__0173,0,0,0,0,0,0,1,0,0,0
Les_Brown__Les_Brown__0175,0,0,0,0,0,0,1,0,0,0
Les_Brown__Les_Brown__0183,0,0,0,0,0,0,1,0,1,0
Les_Brown__Les_Brown__0199,0,0,0,0,0,0,1,0,0,0
Les_Brown__Les_Brown__0200,0,0,0,0,0,0,1,0,0,0
Les_Brown__Les_Brown__0214,0,0,0,0,0,0,1,0,0,0
Les_Brown__Les_Brown__0220,0,0,0,0,0,0,1,0,0,0
Les_Brown__Les_Brown__0223,0,0,0,0,0,0,1,0,0,0
Les_Brown__Les_Brown__0228,0,0,0,0,0,0,1,0,0,0
Les_Brown__Les_Brown__0230,0,0,0,0,0,0,1,0,0,0
Les_Brown__Les_Brown__0238,0,0,0,0,0,0,1,0,0,0
Les_Brown__Les_Brown__0252,0,0,0,0,0,0,1,0,0,0
Les_Brown__Les_Brown__0255,0,0,0,0,0,0,1,0,0,0
Les_Brown__Les_Brown__0262,0,0,0,0,0,0,1,0,0,0
Les_Brown__Les_Brown__0266,0,0,0,0,0,0,1,0,0,0
Les_Brown__Les_Brown__0267,0,0,0,0,0,0,1,0,0,0
Les_Brown__Les_Brown__0268,0,0,0,0,0,0,1,0,0,0
Les_Brown__Les_Brown__0272,0,0,0,0,0,0,1,0,0,0
Les_Brown__Les_Brown__0275,0,0,0,0,0,0,1,0,0,0
Les_Brown__Les_Brown__0278,0,0,0,0,0,0,1,0,0,0
Les_Brown__Les_Brown__0286,0,0,0,0,0,0,1,0,0,0
Les_Brown__Les_Brown__0287,0,0,0,0,0,0,1,0,0,0
Les_Brown__Les_Brown__0292,0,0,0,0,0,0,1,0,0,0
Les_Brown__Les_Brown__0295,0,0,0,0,0,0,1,0,0,0
Les_Brown__Les_Brown__0296,0,0,0,0,0,0,1,0,0,0
Les_Brown__Les_Brown__0307,0,0,0,0,0,0,1,0,0,0
Les_Brown__Les_Brown__0317,0,0,0,0,0,0,1,0,0,0
Les_Brown__Les_Brown__0327,0,0,0,0,0,0,1,0,0,0
Les_Brown__Les_Brown__0332,0,0,0,0,0,0,1,0,0,0
Les_Brown__Les_Brown__0333,0,0,0,0,0,0,1,0,0,0
Les_Brown__Les_Brown__0340,0,0,0,0,0,0,1,0,0,0
Les_Brown__Les_Brown__0341,0,0,0,0,0,0,1,0,0,0
Les_Brown__Les_Brown__0351,0,0,0,0,0,0,1,0,0,0
Les_Brown__Les_Brown__0363,0,0,0,0,0,0,1,0,0,0
Les_Brown__Les_Brown__0368,0,0,0,0,0,0,1,0,1,0
Les_Brown__Les_Brown__0374,0,0,0,0,0,0,1,0,0,0
Les_Brown__Les_Brown__0382,0,0,0,0,0,0,1,0,0,0
Les_Brown__Les_Brown__0388,0,0,0,0,0,0,1,0,0,0
Les_Brown__Les_Brown__0389,0,0,0,0,0,0,1,0,0,0
Les_Brown__Les_Brown__0402,0,0,0,0,0,0,1,0,0,0
Les_Brown__Les_Brown__0405,0,0,0,0,0,0,1,0,0,0
Les_Brown__Les_Brown__0418,0,0,0,0,0,0,1,0,0,0
Les_Brown__Les_Brown__0426,0,0,0,0,0,0,1,0,0,0
Les_Brown__Les_Brown__0439,0,0,0,0,0,0,1,0,0,0
Les_Brown__Les_Brown__0441,0,0,0,0,0,0,1,0,0,0
Les_Brown__Les_Brown__0442,0,0,0,0,0,0,1,0,0,0
Les_Brown__Les_Brown__0456,0,0,0,0,0,0,1,0,0,0
Les_Brown__Les_Brown__0463,0,0,0,0,0,0,1,0,0,0
Mel_Robbins__Mel_Robbins__0001,0,0,0,0,1,0,1,0,0,0
Mel_Robbins__Mel_Robbins__0006,0,0,0,0,0,0,1,0,0,0
Mel_Robbins__Mel_Robbins__0012,0,0,0,0,0,0,1,0,0,0
Mel_Robbins__Mel_Robbins__0017,0,0,0,0,0,0,1,0,0,0
Mel_Robbins__Mel_Robbins__0019,0,0,0,0,0,0,1,0,0,0
Mel_Robbins__Mel_Robbins__0025,0,0,0,0,0,0,1,0,0,0
Mel_Robbins__Mel_Robbins__0029,0,0,0,0,0,0,1,0,0,0
Mel_Robbins__Mel_Robbins__0032,0,0,0,0,0,0,1,0,0,0
Mel_Robbins__Mel_Robbins__0039,0,0,0,0,0,0,1,0,0,0
Mel_Robbins__Mel_Robbins__0041,0,0,0,0,0,0,1,0,0,0
Mel_Robbins__Mel_Robbins__0050,0,0,0,0,0,0,1,0,0,0
Mel_Robbins__Mel_Robbins__0052,0,0,0,0,0,0,1,0,0,0
Mel_Robbins__Mel_Robbins__0053,0,0,0,0,0,0,1,0,0,0
Mel_Robbins__Mel_Robbins__0061,0,0,0,0,0,0,1,0,0,0
Mel_Robbins__Mel_Robbins__0069,0,0,0,0,0,0,1,0,0,0
Mel_Robbins__Mel_Robbins__0071,0,0,0,0,0,0,1,0,0,0
Mel_Robbins__Mel_Robbins__0076,0,0,0,0,0,0,1,0,0,0
Mel_Robbins__Mel_Robbins__0077,0,0,0,0,0,0,1,0,0,0
Mel_Robbins__Mel_Robbins__0084,0,0,0,0,0,0,1,0,0,0
Mel_Robbins__Mel_Robbins__0092,0,0,0,0,0,0,1,0,0,0
Mel_Robbins__Mel_Robbins__0095,0,0,0,0,0,0,1,0,0,0
Mel_Robbins__Mel_Robbins__0101,0,0,0,0,0,0,1,0,0,0
Mel_Robbins__Mel_Robbins__0115,0,0,0,0,0,0,1,0,0,0
Mel_Robbins__Mel_Robbins__0127,0,0,0,0,0,0,1,0,0,0
Mel_Robbins__Mel_Robbins__0131,0,0,0,0,0,0,1,0,0,0
Mel_Robbins__Mel_Robbins__0132,0,0,0,0,0,0,1,0,0,0
Mel_Robbins__Mel_Robbins__0138,0,0,0,0,0,0,1,0,0,0
Mel_Robbins__Mel_Robbins__0146,0,0,0,0,0,0,1,0,0,0
Mel_Robbins__Mel_Robbins__0153,0,0,0,0,0,0,1,0,0,0
Mel_Robbins__Mel_Robbins__0159,0,0,0,0,0,0,1,0,0,0
Mel_Robbins__Mel_Robbins__0162,0,0,0,0,0,0,1,0,0,0
Mel_Robbins__Mel_Robbins__0169,0,0,0,0,0,0,1,0,0,0
Mel_Robbins__Mel_Robbins__0172,0,0,0,0,0,0,1,0,0,0
Mel_Robbins__Mel_Robbins__0176,0,0,0,0,0,0,1,0,0,0
Mel_Robbins__Mel_Robbins__0185,0,0,0,0,0,0,1,0,0,0
Mel_Robbins__Mel_Robbins__0192,0,0,0,0,0,0,1,0,0,0
Mel_Robbins__Mel_Robbins__0193,0,0,0,0,0,0,1,0,0,0
Mel_Robbins__Mel_Robbins__0197,0,0,0,0,0,0,1,0,0,0
Mel_Robbins__Mel_Robbins__0203,0,0,0,0,0,0,1,0,0,0
Mel_Robbins__Mel_Robbins__0225,0,0,0,0,0,0,1,0,0,0
Mel_Robbins__Mel_Robbins__0237,0,0,0,0,0,0,1,0,0,0
Mel_Robbins__Mel_Robbins__0258,0,0,0,0,0,0,1,0,0,0
Mel_Robbins__Mel_Robbins__0261,0,0,0,0,0,0,1,0,0,0
Mel_Robbins__Mel_Robbins__0263,0,0,0,0,0,0,1,0,0,0
Mel_Robbins__Mel_Robbins__0268,0,0,0,0,0,0,1,0,0,0
Mel_Robbins__Mel_Robbins__0273,0,0,0,0,0,0,1,0,0,0
Mel_Robbins__Mel_Robbins__0279,0,0,0,0,0,0,1,0,0,0
Mel_Robbins__Mel_Robbins__0284,0,0,0,0,0,0,1,0,0,0
Mel_Robbins__Mel_Robbins__0302,0,0,0,0,0,0,1,0,0,0
Mel_Robbins__Mel_Robbins__0310,0,0,0,0,0,0,1,0,0,0
Mel_Robbins__Mel_Robbins__0325,0,0,0,0,0,0,1,0,0,0
Mel_Robbins__Mel_Robbins__0338,0,0,0,0,0,0,1,0,0,0
Mel_Robbins__Mel_Robbins__0342,0,0,0,0,0,0,1,0,0,0
Mel_Robbins__Mel_Robbins__0345,0,0,0,0,0,0,1,0,0,0
Mel_Robbins__Mel_Robbins__0369,0,0,0,0,0,0,1,0,0,0
Mel_Robbins__Mel_Robbins__0370,0,0,0,0,0,0,1,0,0,0
Mel_Robbins__Mel_Robbins__0372,0,0,0,0,0,0,1,0,0,0
Mel_Robbins__Mel_Robbins__0375,0,0,0,0,0,0,1,0,0,0
Mel_Robbins__Mel_Robbins__0388,0,0,0,0,0,0,1,0,0,0
Mel_Robbins__Mel_Robbins__0389,0,0,0,0,0,0,1,0,0,0
Mel_Robbins__Mel_Robbins__0397,0,0,0,0,0,0,1,0,0,0
Mel_Robbins__Mel_Robbins__0408,0,0,0,0,0,0,1,0,0,0
Mel_Robbins__Mel_Robbins__0413,0,0,0,0,0,0,1,0,0,0
Mel_Robbins__Mel_Robbins__0417,0,0,0,0,0,0,1,0,0,0
Mel_Robbins__Mel_Robbins__0419,0,0,0,0,0,0,1,0,0,0
Mel_Robbins__Mel_Robbins__0420,0,0,0,0,0,0,1,0,0,0
Nick_Vujicic__Nick_Vujicic__0005,0,0,0,0,0,1,1,0,0,0
Nick_Vujicic__Nick_Vujicic__0008,0,0,0,0,0,1,1,0,1,0
Nick_Vujicic__Nick_Vujicic__0012,0,0,0,0,0,1,1,0,1,0
Nick_Vujicic__Nick_Vujicic__0030,0,0,0,0,0,1,1,0,0,0
Nick_Vujicic__Nick_Vujicic__0057,0,0,0,0,0,1,0,1,0,0
Nick_Vujicic__Nick_Vujicic__0070,0,0,0,0,0,1,0,0,0,0
Nick_Vujicic__Nick_Vujicic__0081,0,0,0,0,0,1,0,0,0,0
Nick_Vujicic__Nick_Vujicic__0084,0,0,0,0,0,1,0,0,0,0
Nick_Vujicic__Nick_Vujicic__0090,0,0,0,0,0,1,0,0,0,0
Nick_Vujicic__Nick_Vujicic__0094,0,0,0,0,0,1,0,0,0,0
Nick_Vujicic__Nick_Vujicic__0105,0,0,0,0,0,1,0,0,0,0
Nick_Vujicic__Nick_Vujicic__0120,0,0,0,0,0,1,0,0,0,0
Nick_Vujicic__Nick_Vujicic__0135,0,0,0,0,0,1,0,1,0,0
Nick_Vujicic__Nick_Vujicic__0140,0,0,0,0,0,1,1,0,0,0
Nick_Vujicic__Nick_Vujicic__0141,0,0,0,0,0,1,0,0,0,0
Nick_Vujicic__Nick_Vujicic__0164,0,0,0,0,0,1,0,1,0,0
Nick_Vujicic__Nick_Vujicic__0165,0,0,0,0,0,1,0,0,0,0
Nick_Vujicic__Nick_Vujicic__0167,0,0,0,0,0,1,0,0,0,0
Nick_Vujicic__Nick_Vujicic__0171,0,0,0,0,0,1,0,0,0,0
Nick_Vujicic__Nick_Vujicic__0173,0,0,0,0,0,1,0,0,0,0
Nick_Vujicic__Nick_Vujicic__0182,0,0,0,0,0,1,0,0,0,0
Nick_Vujicic__Nick_Vujicic__0186,0,0,0,0,0,1,0,0,0,0
Nick_Vujicic__Nick_Vujicic__0189,0,0,0,0,0,1,0,0,0,0
Nick_Vujicic__Nick_Vujicic__0191,0,0,0,0,0,1,0,0,0,0
Nick_Vujicic__Nick_Vujicic__0200,0,0,0,0,0,1,0,0,0,0
Nick_Vujicic__Nick_Vujicic__0202,0,0,0,0,0,1,0,0,0,0
Nick_Vujicic__Nick_Vujicic__0209,0,0,0,0,0,1,0,0,0,0
Nick_Vujicic__Nick_Vujicic__0220,0,0,0,0,0,1,0,1,0,0
Nick_Vujicic__Nick_Vujicic__0222,0,0,0,0,0,1,1,1,0,0
Nick_Vujicic__Nick_Vujicic__0224,0,0,0,0,0,1,0,0,0,0
Nick_Vujicic__Nick_Vujicic__0237,0,0,0,0,0,1,0,0,0,0
Nick_Vujicic__Nick_Vujicic__0251,0,0,0,0,0,1,0,1,0,0
Nick_Vujicic__Nick_Vujicic__0252,0,0,0,0,0,1,1,0,0,0
Nick_Vujicic__Nick_Vujicic__0257,0,0,0,0,0,1,0,1,0,0
Nick_Vujicic__Nick_Vujicic__0258,0,0,0,0,0,1,0,0,0,0
Nick_Vujicic__Nick_Vujicic__0267,0,0,0,0,0,1,0,1,0,0
Nick_Vujicic__Nick_Vujicic__0269,0,0,0,0,0,1,0,0,0,0
Nick_Vujicic__Nick_Vujicic__0272,0,0,0,0,0,1,0,0,0,0
Nick_Vujicic__Nick_Vujicic__0273,0,0,0,0,0,1,0,0,0,0
Nick_Vujicic__Nick_Vujicic__0275,0,0,0,0,0,1,0,1,0,0
Nick_Vujicic__Nick_Vujicic__0277,0,0,0,0,0,1,1,1,0,0
Nick_Vujicic__Nick_Vujicic__0278,0,0,0,0,0,1,0,0,0,0
Nick_Vujicic__Nick_Vujicic__0283,0,0,0,0,0,1,0,1,0,0
Nick_Vujicic__Nick_Vujicic__0298,0,0,0,0,0,1,0,0,0,0
Nick_Vujicic__Nick_Vujicic__0301,0,0,0,0,0,1,0,1,0,0
Nick_Vujicic__Nick_Vujicic__0302,0,0,0,0,0,1,0,0,0,0
Nick_Vujicic__Nick_Vujicic__0305,0,0,0,0,0,1,0,0,0,0
Nick_Vujicic__Nick_Vujicic__0313,0,0,0,0,0,1,1,0,0,0
Nick_Vujicic__Nick_Vujicic__0323,0,0,0,0,0,1,1,1,0,0
Oprah_Winfrey__Oprah_Winfrey__0002,0,0,0,0,0,0,1,1,0,0
Oprah_Winfrey__Oprah_Winfrey__0013,0,0,0,0,0,0,1,1,0,0
Oprah_Winfrey__Oprah_Winfrey__0015,0,0,0,0,0,0,1,1,0,0
Oprah_Winfrey__Oprah_Winfrey__0022,0,0,0,0,0,0,1,1,0,0
Oprah_Winfrey__Oprah_Winfrey__0034,0,0,0,0,0,0,1,1,0,0
Oprah_Winfrey__Oprah_Winfrey__0039,0,0,0,0,0,0,1,1,0,0
Oprah_Winfrey__Oprah_Winfrey__0062,0,0,0,0,0,0,1,1,0,0
Oprah_Winfrey__Oprah_Winfrey__0079,0,0,0,0,0,0,1,1,0,0
Oprah_Winfrey__Oprah_Winfrey__0085,0,0,0,0,0,0,1,1,0,0
Oprah_Winfrey__Oprah_Winfrey__0089,0,0,0,0,0,0,1,1,0,0
Oprah_Winfrey__Oprah_Winfrey__0098,0,0,0,0,0,0,1,1,0,0
Oprah_Winfrey__Oprah_Winfrey__0123,0,0,0,0,0,0,1,1,0,0
Oprah_Winfrey__Oprah_Winfrey__0125,0,0,0,0,0,0,1,1,0,0
Oprah_Winfrey__Oprah_Winfrey__0130,0,0,0,0,0,0,1,1,0,0
Oprah_Winfrey__Oprah_Winfrey__0131,0,0,0,0,0,0,1,1,0,0
Oprah_Winfrey__Oprah_Winfrey__0137,0,0,0,0,0,0,1,1,0,0
Oprah_Winfrey__Oprah_Winfrey__0154,0,0,0,0,0,0,1,1,0,0
Oprah_Winfrey__Oprah_Winfrey__0158,0,0,0,0,0,0,1,1,0,0
Oprah_Winfrey__Oprah_Winfrey__0165,0,0,0,0,0,0,1,1,0,0
Oprah_Winfrey__Oprah_Winfrey__0177,0,0,0,0,0,0,1,1,0,0
Oprah_Winfrey__Oprah_Winfrey__0182,0,0,0,0,0,0,0,1,0,0
Oprah_Winfrey__Oprah_Winfrey__0199,0,0,0,0,0,0,1,1,0,0
Oprah_Winfrey__Oprah_Winfrey__0201,0,0,0,0,0,0,1,1,0,0
Oprah_Winfrey__Oprah_Winfrey__0204,0,0,0,0,0,0,1,1,0,0
Oprah_Winfrey__Oprah_Winfrey__0214,0,0,0,0,0,0,1,1,0,0
Oprah_Winfrey__Oprah_Winfrey__0215,0,0,0,0,0,0,1,1,0,0
Oprah_Winfrey__Oprah_Winfrey__0218,0,0,0,0,0,1,1,1,0,0
Oprah_Winfrey__Oprah_Winfrey__0219,0,0,0,0,0,0,1,1,0,0
Oprah_Winfrey__Oprah_Winfrey__0227,0,0,0,0,0,0,1,1,0,0
Oprah_Winfrey__Oprah_Winfrey__0242,0,0,0,0,0,0,1,1,0,0
Oprah_Winfrey__Oprah_Winfrey__0245,0,0,0,0,0,0,1,1,0,0
Oprah_Winfrey__Oprah_Winfrey__0258,0,0,0,0,0,0,1,1,0,0
Oprah_Winfrey__Oprah_Winfrey__0267,0,0,0,0,0,0,1,1,0,0
Oprah_Winfrey__Oprah_Winfrey__0273,0,0,1,0,0,0,1,1,0,0
Oprah_Winfrey__Oprah_Winfrey__0288,0,0,0,0,0,0,1,1,0,0
Oprah_Winfrey__Oprah_Winfrey__0290,0,0,0,0,0,0,1,1,0,0
Oprah_Winfrey__Oprah_Winfrey__0293,0,0,0,0,0,0,1,1,0,0
Oprah_Winfrey__Oprah_Winfrey__0302,0,0,0,0,0,0,1,1,0,0
Oprah_Winfrey__Oprah_Winfrey__0303,0,0,0,0,0,0,1,0,0,0
Oprah_Winfrey__Oprah_Winfrey__0309,0,0,0,0,0,0,1,1,0,0
Oprah_Winfrey__Oprah_Winfrey__0323,0,0,0,0,0,0,1,1,0,0
Oprah_Winfrey__Oprah_Winfrey__0324,0,0,0,0,0,0,1,0,0,0
Oprah_Winfrey__Oprah_Winfrey__0329,0,0,0,0,0,0,1,1,0,0
Oprah_Winfrey__Oprah_Winfrey__0342,0,0,0,0,0,0,1,1,0,0
Oprah_Winfrey__Oprah_Winfrey__0354,0,0,0,0,0,0,1,1,0,0
Oprah_Winfrey__Oprah_Winfrey__0356,0,0,0,0,0,0,1,1,0,0
Oprah_Winfrey__Oprah_Winfrey__0360,0,0,0,0,0,0,0,1,0,0
Oprah_Winfrey__Oprah_Winfrey__0363,0,0,0,0,0,0,1,1,0,0
Oprah_Winfrey__Oprah_Winfrey__0365,0,0,0,0,0,0,1,1,0,0
Oprah_Winfrey__Oprah_Winfrey__0368,0,0,0,0,0,0,1,1,0,0
Oprah_Winfrey__Oprah_Winfrey__0369,0,0,0,0,0,0,1,1,0,0
Oprah_Winfrey__Oprah_Winfrey__0370,0,0,0,0,0,0,1,1,0,0
Oprah_Winfrey__Oprah_Winfrey__0377,0,0,0,0,0,0,1,1,0,0
Oprah_Winfrey__Oprah_Winfrey__0378,0,0,0,0,0,0,1,1,0,0
Oprah_Winfrey__Oprah_Winfrey__0380,0,0,0,0,0,0,1,1,0,0
Oprah_Winfrey__Oprah_Winfrey__0393,0,0,0,0,0,0,1,1,0,0
Oprah_Winfrey__Oprah_Winfrey__0396,0,0,0,0,0,0,1,1,0,0
Oprah_Winfrey__Oprah_Winfrey__0399,0,0,0,0,0,0,1,1,0,0
Oprah_Winfrey__Oprah_Winfrey__0406,0,0,0,0,0,0,1,1,0,0
Oprah_Winfrey__Oprah_Winfrey__0410,0,0,0,0,0,0,1,1,0,0
Oprah_Winfrey__Oprah_Winfrey__0440,0,0,0,0,0,0,1,1,0,0
Oprah_Winfrey__Oprah_Winfrey__0441,0,0,0,0,0,0,1,1,0,0
Oprah_Winfrey__Oprah_Winfrey__0445,0,0,0,0,0,0,1,1,0,0
Oprah_Winfrey__Oprah_Winfrey__0450,0,0,0,0,0,0,1,1,0,0
Oprah_Winfrey__Oprah_Winfrey__0456,0,0,0,0,0,0,1,1,0,0
Oprah_Winfrey__Oprah_Winfrey__0469,0,0,0,0,0,0,1,1,0,0
Oprah_Winfrey__Oprah_Winfrey__0479,0,0,0,0,0,0,1,1,0,0
Oprah_Winfrey__Oprah_Winfrey__0485,0,0,0,0,0,0,1,1,0,0
Oprah_Winfrey__Oprah_Winfrey__0492,0,0,0,0,0,0,1,1,0,0
Oprah_Winfrey__Oprah_Winfrey__0503,0,0,0,0,0,0,1,1,0,0
Oprah_Winfrey__Oprah_Winfrey__0505,0,0,0,0,0,0,1,1,0,0
Oprah_Winfrey__Oprah_Winfrey__0516,0,0,0,0,0,0,1,1,0,0
Oprah_Winfrey__Oprah_Winfrey__0523,0,0,0,0,0,0,1,1,0,0
Oprah_Winfrey__Oprah_Winfrey__0527,0,0,0,0,0,0,1,1,0,0
Oprah_Winfrey__Oprah_Winfrey__0539,0,0,0,0,0,0,0,1,0,0
Oprah_Winfrey__Oprah_Winfrey__0544,0,0,0,0,0,0,1,1,0,0
Oprah_Winfrey__Oprah_Winfrey__0558,0,0,0,0,0,0,1,1,0,0
Oprah_Winfrey__Oprah_Winfrey__0560,0,0,0,0,0,0,1,1,0,0
Oprah_Winfrey__Oprah_Winfrey__0566,0,0,0,0,0,0,1,1,0,0
Oprah_Winfrey__Oprah_Winfrey__0577,0,0,0,0,0,0,0,1,0,0
Oprah_Winfrey__Oprah_Winfrey__0579,0,0,0,0,0,0,1,1,0,0
Oprah_Winfrey__Oprah_Winfrey__0584,0,0,0,0,0,0,1,1,0,0
Oprah_Winfrey__Oprah_Winfrey__0587,0,0,0,0,0,0,1,1,0,0
Oprah_Winfrey__Oprah_Winfrey__0589,0,0,0,0,0,0,1,1,0,0
Oprah_Winfrey__Oprah_Winfrey__0593,0,0,0,0,0,0,1,1,0,0
Oprah_Winfrey__Oprah_Winfrey__0596,0,0,0,0,0,0,1,1,0,0
Oprah_Winfrey__Oprah_Winfrey__0599,0,0,0,0,0,0,1,1,0,0
Oprah_Winfrey__Oprah_Winfrey__0602,0,0,0,0,0,0,1,1,0,0
Oprah_Winfrey__Oprah_Winfrey__0611,0,0,0,0,0,0,1,1,0,0
Oprah_Winfrey__Oprah_Winfrey__0614,0,0,0,0,0,0,1,1,0,0
Oprah_Winfrey__Oprah_Winfrey__0616,0,0,0,0,0,0,1,1,0,0
Oprah_Winfrey__Oprah_Winfrey__0622,0,0,0,0,0,0,0,1,0,0
Oprah_Winfrey__Oprah_Winfrey__0627,0,0,1,0,0,0,1,1,0,0
Oprah_Winfrey__Oprah_Winfrey__0629,0,0,1,0,0,0,1,1,0,0
Oprah_Winfrey__Oprah_Winfrey__0631,0,0,0,0,0,0,1,1,0,0
Oprah_Winfrey__Oprah_Winfrey__0643,0,0,0,0,0,0,1,1,0,0
Oprah_Winfrey__Oprah_Winfrey__0644,0,0,0,0,0,0,1,1,0,0
Rabin_Sharma__Rabin_Sharma__0007,0,0,0,0,0,0,1,0,0,0
Rabin_Sharma__Rabin_Sharma__0011,0,0,0,0,0,0,1,0,0,0
Rabin_Sharma__Rabin_Sharma__0012,0,0,0,0,0,0,1,0,0,0
Rabin_Sharma__Rabin_Sharma__0018,0,0,0,0,0,0,1,0,0,0
Rabin_Sharma__Rabin_Sharma__0031,0,0,0,0,0,0,1,0,0,0
Rabin_Sharma__Rabin_Sharma__0032,0,0,0,0,0,0,1,0,0,0
Rabin_Sharma__Rabin_Sharma__0036,0,0,0,0,0,0,1,0,0,0
Rabin_Sharma__Rabin_Sharma__0043,0,0,0,0,0,0,1,0,0,0
Rabin_Sharma__Rabin_Sharma__0050,0,0,0,0,0,0,1,0,0,0
Rabin_Sharma__Rabin_Sharma__0061,0,0,0,0,0,0,1,0,0,0
Rabin_Sharma__Rabin_Sharma__0064,0,0,0,0,0,0,1,0,0,0
Rabin_Sharma__Rabin_Sharma__0071,0,0,0,0,0,0,1,0,0,0
Rabin_Sharma__Rabin_Sharma__0090,0,0,0,0,0,0,1,0,0,0
Rabin_Sharma__Rabin_Sharma__0094,0,0,0,0,0,0,1,0,0,0
Rabin_Sharma__Rabin_Sharma__0097,0,0,0,0,0,0,1,0,0,0
Rabin_Sharma__Rabin_Sharma__0103,0,0,0,0,0,0,1,0,0,0
Rabin_Sharma__Rabin_Sharma__0104,0,0,0,0,0,0,1,0,0,0
Rabin_Sharma__Rabin_Sharma__0110,0,0,0,0,0,0,1,0,0,0
Rabin_Sharma__Rabin_Sharma__0116,0,0,0,0,0,0,1,0,0,0
Rabin_Sharma__Rabin_Sharma__0118,0,0,0,0,0,0,1,0,0,0
Rabin_Sharma__Rabin_Sharma__0120,0,0,0,0,0,0,1,0,0,0
Rabin_Sharma__Rabin_Sharma__0138,0,0,0,0,0,0,1,0,0,0
Rabin_Sharma__Rabin_Sharma__0153,0,0,0,0,0,0,1,0,0,0
Rabin_Sharma__Rabin_Sharma__0154,0,0,0,0,0,0,0,0,1,0
Rabin_Sharma__Rabin_Sharma__0167,0,0,0,0,0,0,1,0,0,0
Rabin_Sharma__Rabin_Sharma__0176,0,0,0,0,0,0,1,0,0,0
Rabin_Sharma__Rabin_Sharma__0177,0,0,0,0,0,0,1,0,0,0
Rabin_Sharma__Rabin_Sharma__0179,0,0,0,0,0,0,1,0,0,0
Rabin_Sharma__Rabin_Sharma__0183,0,0,0,0,0,0,1,0,0,0
Rabin_Sharma__Rabin_Sharma__0184,0,0,0,0,0,0,1,0,0,0
Rabin_Sharma__Rabin_Sharma__0187,0,0,0,0,0,0,1,0,0,0
Rabin_Sharma__Rabin_Sharma__0191,0,0,0,0,0,0,1,0,0,0
Rabin_Sharma__Rabin_Sharma__0193,0,0,0,0,0,0,1,0,0,0
Rabin_Sharma__Rabin_Sharma__0195,0,0,0,0,0,0,1,0,0,0
Rabin_Sharma__Rabin_Sharma__0196,0,0,0,0,0,0,1,0,0,0
Rabin_Sharma__Rabin_Sharma__0204,0,0,0,0,0,0,1,0,0,0
Rabin_Sharma__Rabin_Sharma__0210,0,0,0,0,0,0,1,0,0,0
Rabin_Sharma__Rabin_Sharma__0220,0,0,0,0,0,0,1,0,0,0
Rabin_Sharma__Rabin_Sharma__0223,0,0,0,0,0,0,1,0,0,0
Rabin_Sharma__Rabin_Sharma__0227,0,0,0,0,0,0,1,0,0,0
Rabin_Sharma__Rabin_Sharma__0230,0,0,0,0,0,0,1,0,0,0
Rabin_Sharma__Rabin_Sharma__0243,0,0,0,0,0,0,1,0,0,0
Rabin_Sharma__Rabin_Sharma__0247,0,0,0,0,0,0,1,0,0,0
Rabin_Sharma__Rabin_Sharma__0254,0,0,0,0,0,0,1,0,0,0
Rabin_Sharma__Rabin_Sharma__0256,0,0,0,0,0,0,1,0,0,0
Rabin_Sharma__Rabin_Sharma__0263,0,0,0,0,0,0,1,0,0,0
Rabin_Sharma__Rabin_Sharma__0274,0,0,0,0,0,0,1,0,0,0
Rabin_Sharma__Rabin_Sharma__0277,0,0,0,0,0,0,1,0,0,0
Rabin_Sharma__Rabin_Sharma__0282,0,0,0,0,0,0,1,0,0,0
Rabin_Sharma__Rabin_Sharma__0284,0,0,0,0,0,0,1,0,0,0
Rabin_Sharma__Rabin_Sharma__0287,0,0,0,0,0,0,1,0,0,0
Rabin_Sharma__Rabin_Sharma__0291,0,0,0,0,0,0,1,0,0,0
Rabin_Sharma__Rabin_Sharma__0292,0,0,0,0,0,0,1,0,0,0
Rabin_Sharma__Rabin_Sharma__0296,0,0,0,0,0,0,1,0,0,0
Rabin_Sharma__Rabin_Sharma__0301,0,0,0,0,0,0,1,0,0,0
Rabin_Sharma__Rabin_Sharma__0304,0,0,0,0,0,0,1,0,0,0
Rabin_Sharma__Rabin_Sharma__0310,0,0,0,0,0,0,1,0,0,0
Rabin_Sharma__Rabin_Sharma__0315,0,0,0,0,0,0,1,0,0,0
Rabin_Sharma__Rabin_Sharma__0324,0,0,0,0,0,0,1,0,0,0
Rabin_Sharma__Rabin_Sharma__0339,0,0,0,0,0,0,1,0,0,0
Rabin_Sharma__Rabin_Sharma__0342,0,0,0,0,0,0,1,0,0,0
Rabin_Sharma__Rabin_Sharma__0345,0,0,0,0,0,0,1,0,0,0
Rabin_Sharma__Rabin_Sharma__0351,0,0,0,0,0,0,1,0,0,0
Rabin_Sharma__Rabin_Sharma__0352,0,0,0,0,0,0,1,0,0,0
Rabin_Sharma__Rabin_Sharma__0355,0,0,0,0,0,0,1,0,0,0
Rabin_Sharma__Rabin_Sharma__0364,0,0,0,0,0,0,1,0,0,0
Rabin_Sharma__Rabin_Sharma__0380,0,0,0,0,0,0,1,0,0,0
Rabin_Sharma__Rabin_Sharma__0384,0,0,0,0,0,0,1,0,0,0
Rabin_Sharma__Rabin_Sharma__0397,0,0,0,0,0,0,1,0,0,0
Rabin_Sharma__Rabin_Sharma__0407,0,0,0,0,0,0,1,0,0,0
Rabin_Sharma__Rabin_Sharma__0409,0,0,0,0,0,0,1,0,0,0
Rabin_Sharma__Rabin_Sharma__0411,0,0,0,0,0,0,1,0,0,0
Rabin_Sharma__Rabin_Sharma__0414,0,0,0,0,0,0,1,0,0,0
Rabin_Sharma__Rabin_Sharma__0429,0,0,0,0,0,0,1,0,0,0
Rabin_Sharma__Rabin_Sharma__0455,0,0,0,0,0,0,1,0,0,0
Rabin_Sharma__Rabin_Sharma__0463,0,0,0,0,0,0,1,0,0,0
Rabin_Sharma__Rabin_Sharma__0493,0,0,0,0,0,0,1,0,0,0
Rabin_Sharma__Rabin_Sharma__0499,0,0,0,0,0,0,1,0,0,0
Rabin_Sharma__Rabin_Sharma__0502,0,0,0,0,0,0,1,0,0,0
Rabin_Sharma__Rabin_Sharma__0508,0,0,0,0,0,0,1,0,0,0
Rabin_Sharma__Rabin_Sharma__0521,0,0,0,0,0,0,1,0,0,0
Rabin_Sharma__Rabin_Sharma__0523,0,0,0,0,0,0,1,0,0,0
Rabin_Sharma__Rabin_Sharma__0529,0,0,0,0,0,0,1,0,0,0
Rabin_Sharma__Rabin_Sharma__0538,0,0,0,0,0,0,1,0,0,0
Rabin_Sharma__Rabin_Sharma__0542,0,0,0,0,0,0,1,0,0,0
Rabin_Sharma__Rabin_Sharma__0549,0,0,0,0,0,0,1,0,0,0
Rabin_Sharma__Rabin_Sharma__0563,0,0,0,0,0,0,1,0,0,0
Rabin_Sharma__Rabin_Sharma__0569,0,0,0,0,0,0,1,0,0,0
Rabin_Sharma__Rabin_Sharma__0577,0,0,0,0,0,0,1,0,0,0
Rabin_Sharma__Rabin_Sharma__0583,0,0,0,0,0,0,0,0,0,0
Rabin_Sharma__Rabin_Sharma__0610,0,0,0,0,0,0,1,0,0,0
Rabin_Sharma__Rabin_Sharma__0611,0,0,0,0,0,0,1,0,0,0
Rabin_Sharma__Rabin_Sharma__0621,0,0,0,0,0,0,1,0,0,0
Rabin_Sharma__Rabin_Sharma__0623,0,0,0,0,0,0,1,0,0,0
Rabin_Sharma__Rabin_Sharma__0641,0,0,0,0,0,0,1,0,0,0
Rabin_Sharma__Rabin_Sharma__0644,0,0,0,0,0,0,1,0,0,0
Rabin_Sharma__Rabin_Sharma__0645,0,0,0,0,0,0,1,0,0,0
Rabin_Sharma__Rabin_Sharma__0647,0,0,0,0,0,0,1,0,0,0
Rabin_Sharma__Rabin_Sharma__0649,0,0,0,0,0,0,1,0,0,0
Rabin_Sharma__Rabin_Sharma__0655,0,0,0,0,0,0,1,0,0,0
Rabin_Sharma__Rabin_Sharma__0659,0,0,0,0,0,0,1,0,0,0
Simon_Sinek__Simon_Sinek__0011,0,0,0,0,0,0,1,0,0,0
Simon_Sinek__Simon_Sinek__0012,0,0,0,0,0,0,1,0,0,0
Simon_Sinek__Simon_Sinek__0016,0,0,0,0,0,0,1,0,0,0
Simon_Sinek__Simon_Sinek__0017,0,0,0,0,0,0,1,0,0,0
Simon_Sinek__Simon_Sinek__0024,0,0,0,0,0,0,1,0,0,0
Simon_Sinek__Simon_Sinek__0031,0,0,0,0,0,0,1,0,0,0
Simon_Sinek__Simon_Sinek__0034,0,0,0,0,0,0,1,0,0,0
Simon_Sinek__Simon_Sinek__0054,0,0,0,0,0,0,1,0,0,0
Simon_Sinek__Simon_Sinek__0057,0,0,0,0,0,0,1,0,0,0
Simon_Sinek__Simon_Sinek__0062,0,0,0,0,0,0,1,0,0,0
Simon_Sinek__Simon_Sinek__0073,0,0,0,0,0,0,1,0,0,0
Simon_Sinek__Simon_Sinek__0082,0,0,0,0,0,0,1,0,0,0
Simon_Sinek__Simon_Sinek__0085,0,0,0,0,0,0,1,0,0,0
Simon_Sinek__Simon_Sinek__0086,0,0,0,0,0,0,1,0,0,0
Simon_Sinek__Simon_Sinek__0090,0,0,0,0,0,0,1,0,0,0
Simon_Sinek__Simon_Sinek__0096,0,0,0,0,0,0,1,0,0,0
Simon_Sinek__Simon_Sinek__0100,0,0,0,0,0,0,1,0,0,0
Simon_Sinek__Simon_Sinek__0104,0,0,0,0,0,0,1,0,0,0
Simon_Sinek__Simon_Sinek__0106,0,0,0,0,0,0,1,0,0,0
Simon_Sinek__Simon_Sinek__0113,0,0,0,0,0,0,1,0,0,0
Simon_Sinek__Simon_Sinek__0129,0,0,0,0,0,0,1,0,0,0
Simon_Sinek__Simon_Sinek__0130,0,0,0,0,0,0,1,0,0,0
Simon_Sinek__Simon_Sinek__0133,0,0,0,0,0,0,1,0,0,0
Simon_Sinek__Simon_Sinek__0135,0,0,0,0,0,0,1,0,0,0
Simon_Sinek__Simon_Sinek__0138,0,0,0,0,0,0,1,0,0,0
Simon_Sinek__Simon_Sinek__0142,0,0,0,0,0,0,1,0,0,0
Simon_Sinek__Simon_Sinek__0154,0,0,0,0,0,0,1,0,0,0
Simon_Sinek__Simon_Sinek__0173,0,0,0,0,0,0,1,0,0,0
Simon_Sinek__Simon_Sinek__0181,0,0,0,0,0,0,1,0,0,0
Simon_Sinek__Simon_Sinek__0188,0,0,0,0,0,0,1,0,0,0
Simon_Sinek__Simon_Sinek__0221,0,0,0,0,0,0,1,0,0,0
Simon_Sinek__Simon_Sinek__0235,0,0,0,0,0,0,1,0,0,0
Simon_Sinek__Simon_Sinek__0239,0,0,0,0,0,0,1,0,0,0
Simon_Sinek__Simon_Sinek__0240,0,0,0,0,0,0,1,1,0,0
Simon_Sinek__Simon_Sinek__0242,0,0,0,0,0,0,1,1,0,0
Simon_Sinek__Simon_Sinek__0244,0,0,0,0,0,0,1,1,0,0
Simon_Sinek__Simon_Sinek__0245,0,0,0,0,0,0,1,0,0,0
Simon_Sinek__Simon_Sinek__0246,0,0,0,0,0,0,1,1,0,0
Simon_Sinek__Simon_Sinek__0249,0,0,0,0,0,0,1,0,0,0
Simon_Sinek__Simon_Sinek__0257,0,0,0,0,0,0,1,1,0,0
Simon_Sinek__Simon_Sinek__0263,0,0,0,0,0,0,1,0,0,0
Simon_Sinek__Simon_Sinek__0265,0,0,0,0,0,0,1,0,0,0
Simon_Sinek__Simon_Sinek__0268,0,0,0,0,0,0,1,0,0,0
Simon_Sinek__Simon_Sinek__0271,0,0,0,0,0,0,1,0,0,0
Simon_Sinek__Simon_Sinek__0274,0,0,0,0,0,0,1,0,0,0
Simon_Sinek__Simon_Sinek__0276,0,0,0,0,0,0,1,0,0,0
Simon_Sinek__Simon_Sinek__0282,0,0,0,0,0,0,1,0,0,0
Simon_Sinek__Simon_Sinek__0292,0,0,0,0,0,0,1,0,0,0
Simon_Sinek__Simon_Sinek__0293,0,0,0,0,0,0,1,0,0,0
Simon_Sinek__Simon_Sinek__0308,0,0,0,0,0,0,1,0,0,0
Simon_Sinek__Simon_Sinek__0312,0,0,0,0,0,0,1,0,0,0
Simon_Sinek__Simon_Sinek__0321,0,0,0,0,0,0,1,0,0,0
Simon_Sinek__Simon_Sinek__0327,0,0,0,0,0,0,1,0,0,0
Simon_Sinek__Simon_Sinek__0337,0,0,0,0,0,0,1,0,0,0
Simon_Sinek__Simon_Sinek__0341,0,0,0,0,0,0,1,0,0,0
Simon_Sinek__Simon_Sinek__0349,0,0,0,0,0,0,1,0,0,0
Simon_Sinek__Simon_Sinek__0354,0,0,0,0,0,0,1,0,0,0
Simon_Sinek__Simon_Sinek__0367,0,0,0,0,0,0,1,0,0,0
Simon_Sinek__Simon_Sinek__0368,0,0,0,0,0,0,1,0,0,0
Simon_Sinek__Simon_Sinek__0372,0,0,0,0,0,0,1,0,0,0
Simon_Sinek__Simon_Sinek__0373,0,0,0,0,0,0,1,0,0,0
Simon_Sinek__Simon_Sinek__0391,0,0,0,0,0,0,1,0,0,0
Simon_Sinek__Simon_Sinek__0393,0,0,0,0,0,0,1,0,0,0
Simon_Sinek__Simon_Sinek__0394,0,0,0,0,0,0,1,0,0,0
Simon_Sinek__Simon_Sinek__0409,0,0,0,0,0,0,1,0,0,0
Simon_Sinek__Simon_Sinek__0416,0,0,0,0,0,0,1,0,0,0
Simon_Sinek__Simon_Sinek__0426,0,0,0,0,0,0,1,0,0,0
Simon_Sinek__Simon_Sinek__0427,0,0,0,0,0,0,1,0,1,0
Simon_Sinek__Simon_Sinek__0448,0,0,0,0,0,0,1,0,0,0
Simon_Sinek__Simon_Sinek__0454,0,0,0,0,0,0,1,0,0,0
Simon_Sinek__Simon_Sinek__0455,0,0,0,0,0,0,1,0,0,0
Simon_Sinek__Simon_Sinek__0467,0,0,0,0,0,0,1,0,0,0
Simon_Sinek__Simon_Sinek__0485,0,0,0,0,0,0,1,0,1,0
Simon_Sinek__Simon_Sinek__0493,0,0,0,0,0,0,1,0,0,0
Simon_Sinek__Simon_Sinek__0497,0,0,0,0,0,0,1,0,0,0
Simon_Sinek__Simon_Sinek__0506,0,0,0,0,0,0,1,0,0,0
Simon_Sinek__Simon_Sinek__0508,0,0,0,0,0,0,1,0,1,0
Simon_Sinek__Simon_Sinek__0509,0,0,0,0,0,0,1,0,0,0
Simon_Sinek__Simon_Sinek__0513,0,0,0,0,0,0,1,0,0,0
Simon_Sinek__Simon_Sinek__0519,0,0,0,0,0,0,1,0,0,0
Simon_Sinek__Simon_Sinek__0530,0,0,0,0,0,0,1,0,0,0
Simon_Sinek__Simon_Sinek__0533,0,0,0,0,0,0,1,0,0,0
Simon_Sinek__Simon_Sinek__0540,0,0,0,0,0,0,1,0,0,0
Simon_Sinek__Simon_Sinek__0542,0,0,0,0,0,0,1,0,0,0
Simon_Sinek__Simon_Sinek__0555,0,0,0,0,0,0,1,0,0,0
Simon_Sinek__Simon_Sinek__0558,0,0,0,0,0,0,1,0,0,0
Simon_Sinek__Simon_Sinek__0569,0,0,0,0,0,0,1,0,0,0
Simon_Sinek__Simon_Sinek__0580,0,0,0,0,0,0,1,0,0,0
Simon_Sinek__Simon_Sinek__0581,0,0,0,0,0,0,1,0,0,0
Simon_Sinek__Simon_Sinek__0587,0,0,0,0,0,0,1,0,0,0
Simon_Sinek__Simon_Sinek__0606,0,0,0,0,0,0,1,0,0,0
